{"id":"compra-001",
"usuario":"AccidentalGenius",
"articulos":["Bailando Robot","Guante","Potente","Wembley"],
"coste":32}
{"id":"compra-002",
"usuario":"BeardedAngler",
"articulos":["Escudo","Motorbike","Amex Stadium"],
"coste":22}
{"id":"compra-003",
"usuario":"Waffle",
"articulos":["Muscle Flex (Mario Balotelli)","Wembley","Centinela","Right Here Right Now (Ronaldo)","Potente"],
"coste":37}
{"id":"compra-004",
"usuario":"AirportHobo",
"articulos":["Espinazo","Potente","Calm Down","Gato"],
"coste":35}
{"id":"compra-005",
"usuario":"Broomspun",
"articulos":["Artista","Motor","Allianz Arena","Prancing Bird"],
"coste":32}
{"id":"compra-006",
"usuario":"Dangle",
"articulos":["Maestro","Muro","Allianz Arena","The Bear (Ronaldo)","Catalizador","Emirates Stadium"],
"coste":49}
{"id":"compra-007",
"usuario":"Pixels",
"articulos":["Motor","Escudo","Guante","Escudo","The Bear (Ronaldo)","Escudo"],
"coste":55}
{"id":"compra-008",
"usuario":"CaptainPeroxide",
"articulos":["Gladiador","London Stadium","Escudo","Cazador","Gladiador"],
"coste":47}
{"id":"compra-009",
"usuario":"DevilBlade",
"articulos":["KO(Rooney)","Protector","The Worm","Kiss the Wrist"],
"coste":25}
{"id":"compra-010",
"usuario":"BlisteredOutlaw",
"articulos":["The Bear (Ronaldo)","Bailando Robot","Selhurst Park"],
"coste":17}
{"id":"compra-011",
"usuario":"BlisteredOutlaw",
"articulos":["London Stadium","Kiss the Wrist","Artista","Old Man"],
"coste":27}
{"id":"compra-012",
"usuario":"DancingMadman",
"articulos":["Amex Stadium","Potente","The Worm","Dance","Patty Cake"],
"coste":32}
{"id":"compra-013",
"usuario":"ChewChew",
"articulos":["Centinela","Dance","Ancla"],
"coste":25}
{"id":"compra-014",
"usuario":"CollaterolDamage",
"articulos":["Gato","Muscle Flex (Mario Balotelli)","Ancla","Kiss the Wrist","Patty Cake"],
"coste":35}
{"id":"compra-015",
"usuario":"Cabbie",
"articulos":["The Worm","Bailando Robot","Gladiador","Motor","Prancing Bird","Artista"],
"coste":45}
{"id":"compra-016",
"usuario":"BadBunny",
"articulos":["Protector","Emirates Stadium","Protector","Muevelo","Hand Bite (Fabio Borini)","King Power Stadium"],
"coste":44}
{"id":"compra-017",
"usuario":"BabyBrown",
"articulos":["Kiss the Wrist","Muro","Gallop Dance (Gangnam Style)","Patty Cake","Juventus Stadium"],
"coste":32}
{"id":"compra-018",
"usuario":"BlacKitten",
"articulos":["Right Here Right Now (Ronaldo)","The Bear (Ronaldo)","Motor","Tirador","Stand Tall"],
"coste":35}
{"id":"compra-019",
"usuario":"DanimalDaze",
"articulos":["Stand Tall","Cazador","Liberty Stadium","Espinazo","The Worm"],
"coste":37}
{"id":"compra-020",
"usuario":"AutomaticSlicer",
"articulos":["Muscle Flex (Mario Balotelli)","Goodison Park","Sombra","Francotirador","Tirador"],
"coste":42}
{"id":"compra-021",
"usuario":"CelticCharger",
"articulos":["King Power Stadium","Sombra","Protector","London Stadium"],
"coste":34}
{"id":"compra-022",
"usuario":"Toreto",
"articulos":["Juventus Stadium","Patty Cake"],
"coste":12}
{"id":"compra-023",
"usuario":"CongoWire",
"articulos":["Wembley","Sombra","King Power Stadium","Muevelo","Espinazo"],
"coste":39}
{"id":"compra-024",
"usuario":"Breadmaker",
"articulos":["Liberty Stadium","The Worm","Espinazo","Amex Stadium"],
"coste":29}
{"id":"compra-025",
"usuario":"BeardedAngler",
"articulos":["Catalizador","Hand Bite (Fabio Borini)","Muscle Flex (Mario Balotelli)","Muevelo","Rematador"],
"coste":35}
{"id":"compra-026",
"usuario":"DiamondGamer",
"articulos":["Centinela","Guante","Potente","Emirates Stadium","Motorbike"],
"coste":42}
{"id":"compra-027",
"usuario":"CoolWhip",
"articulos":["Muevelo","Turf Moor","Kiss the Wrist","Cazador"],
"coste":27}
{"id":"compra-028",
"usuario":"AlleyFrog",
"articulos":["Maestro","Arquitecto","Selhurst Park","Prancing Bird","Muro"],
"coste":42}
{"id":"compra-029",
"usuario":"Bitmap",
"articulos":["Gladiador","Wembley"],
"coste":17}
{"id":"compra-030",
"usuario":"Alpha",
"articulos":["Francotirador","Protector","Dean Court","The Worm","Maestro"],
"coste":42}
{"id":"compra-031",
"usuario":"DahliaBumble",
"articulos":["Muscle Flex (Mario Balotelli)","Muscle Flex (Mario Balotelli)"],
"coste":10}
{"id":"compra-032",
"usuario":"BeardedAngler",
"articulos":["Bailando Robot","Escudo","Right Here Right Now (Ronaldo)","Artista","Arquitecto","Cazador"],
"coste":50}
{"id":"compra-033",
"usuario":"DevilBlade",
"articulos":["Maestro","The Worm","Guante"],
"coste":25}
{"id":"compra-034",
"usuario":"CerealKiller",
"articulos":["Gato","Dean Court","Muscle Flex (Mario Balotelli)"],
"coste":22}
{"id":"compra-035",
"usuario":"CoolIris",
"articulos":["Gato","Artista","Centinela","King Power Stadium","Amex Stadium","Potente"],
"coste":54}
{"id":"compra-036",
"usuario":"BlisteredOutlaw",
"articulos":["Arquitecto","Hand Bite (Fabio Borini)","Goodison Park","Dean Court","Hand Bite (Fabio Borini)"],
"coste":34}
{"id":"compra-037",
"usuario":"AgentHercules",
"articulos":["Francotirador","Gallop Dance (Gangnam Style)","Francotirador","The Bear (Ronaldo)"],
"coste":30}
{"id":"compra-038",
"usuario":"BabyBrown",
"articulos":["Wembley","Motor"],
"coste":17}
{"id":"compra-039",
"usuario":"Broomspun",
"articulos":["Artista","Escudo","Calm Down","KO(Rooney)"],
"coste":30}
{"id":"compra-040",
"usuario":"Waffle",
"articulos":["King Power Stadium","Patty Cake","Motorbike","Francotirador"],
"coste":27}
{"id":"compra-041",
"usuario":"Blister",
"articulos":["Gallop Dance (Gangnam Style)","Selhurst Park","Gallop Dance (Gangnam Style)","London Stadium","Hand Bite (Fabio Borini)"],
"coste":29}
{"id":"compra-042",
"usuario":"CelticCharger",
"articulos":["Rematador","Gallop Dance (Gangnam Style)"],
"coste":15}
{"id":"compra-043",
"usuario":"Desperado",
"articulos":["Liberty Stadium","Amex Stadium","Gallop Dance (Gangnam Style)"],
"coste":19}
{"id":"compra-044",
"usuario":"BlisteredOutlaw",
"articulos":["Amex Stadium","Dean Court","Liberty Stadium","Cazador","Stamford Bridge"],
"coste":38}
{"id":"compra-045",
"usuario":"BlisteredOutlaw",
"articulos":["Guante","Muro","Muro","King Power Stadium","Aguila","Right Here Right Now (Ronaldo)"],
"coste":52}
{"id":"compra-046",
"usuario":"CollaterolDamage",
"articulos":["Maestro","Hand Bite (Fabio Borini)","Selhurst Park","Selhurst Park","Protector"],
"coste":39}
{"id":"compra-047",
"usuario":"CoolWhip",
"articulos":["KO(Rooney)","Centinela","Motorbike"],
"coste":20}
{"id":"compra-048",
"usuario":"CoBolt",
"articulos":["Hand Bite (Fabio Borini)","Artista"],
"coste":15}
{"id":"compra-049",
"usuario":"DarkHorse",
"articulos":["Allianz Arena","King Power Stadium","Hand Bite (Fabio Borini)","King Power Stadium"],
"coste":26}
{"id":"compra-050",
"usuario":"DahliaBumble",
"articulos":["Wembley","Muevelo","London Stadium"],
"coste":19}
{"id":"compra-051",
"usuario":"DarlingPeacock",
"articulos":["Tirador","Emirates Stadium","Stamford Bridge"],
"coste":24}
{"id":"compra-052",
"usuario":"AccidentalGenius",
"articulos":["Stamford Bridge","Potente","Francotirador","Francotirador","Hand Bite (Fabio Borini)"],
"coste":42}
{"id":"compra-053",
"usuario":"Dredd",
"articulos":["Gato","Protector","Gato"],
"coste":30}
{"id":"compra-054",
"usuario":"DiscoMate",
"articulos":["Francotirador","Liberty Stadium"],
"coste":17}
{"id":"compra-055",
"usuario":"CongoWire",
"articulos":["Gladiador","Juventus Stadium","Muro","Artista","Dance"],
"coste":42}
{"id":"compra-056",
"usuario":"ClubNola",
"articulos":["Patty Cake","Tirador preciso","Liberty Stadium"],
"coste":22}
{"id":"compra-057",
"usuario":"Desperado",
"articulos":["Artista","Muro","Stand Tall"],
"coste":25}
{"id":"compra-058",
"usuario":"BlisteredOutlaw",
"articulos":["Motorbike","KO(Rooney)","Prancing Bird","Artista","Stamford Bridge","Centinela"],
"coste":42}
{"id":"compra-059",
"usuario":"BackBett",
"articulos":["Cazador","Motorbike","Artista"],
"coste":25}
{"id":"compra-060",
"usuario":"Angel",
"articulos":["Guante","Motorbike"],
"coste":15}
{"id":"compra-061",
"usuario":"Bowler",
"articulos":["Dance","Emirates Stadium","Espinazo"],
"coste":22}
{"id":"compra-062",
"usuario":"CoolWhip",
"articulos":["Patty Cake","Cazador","Guante","Aguila"],
"coste":35}
{"id":"compra-063",
"usuario":"Bowler",
"articulos":["Potente","Stamford Bridge","Muevelo"],
"coste":22}
{"id":"compra-064",
"usuario":"Angel",
"articulos":["Muro","Artista","Patty Cake","Aguila"],
"coste":35}
{"id":"compra-065",
"usuario":"BabyBrown",
"articulos":["Motor","Dance","Stamford Bridge"],
"coste":22}
{"id":"compra-066",
"usuario":"Chuckles",
"articulos":["Bailando Robot","Escudo","Protector"],
"coste":25}
{"id":"compra-067",
"usuario":"DesertHaze",
"articulos":["Motorbike","King Power Stadium","King Power Stadium","Maestro"],
"coste":29}
{"id":"compra-068",
"usuario":"BlisteredOutlaw",
"articulos":["Amex Stadium","Hand Bite (Fabio Borini)","Guante","Artista","Wembley","Cazador"],
"coste":49}
{"id":"compra-069",
"usuario":"Cabbie",
"articulos":["Patty Cake","Sombra","Arquitecto","Juventus Stadium","Hand Bite (Fabio Borini)"],
"coste":37}
{"id":"compra-070",
"usuario":"CandyButcher",
"articulos":["Maestro","Wembley","Kiss the Wrist"],
"coste":22}
{"id":"compra-071",
"usuario":"CerealKiller",
"articulos":["Patty Cake","Stamford Bridge"],
"coste":12}
{"id":"compra-072",
"usuario":"DonStab",
"articulos":["The Bear (Ronaldo)","Right Here Right Now (Ronaldo)","Motorbike","Motorbike"],
"coste":20}
{"id":"compra-073",
"usuario":"BettyCricket",
"articulos":["Centinela","Rematador"],
"coste":20}
{"id":"compra-074",
"usuario":"ChewChew",
"articulos":["Muro","Escudo","Prancing Bird"],
"coste":25}
{"id":"compra-075",
"usuario":"DiscoThunder",
"articulos":["Stand Tall","Potente","Aguila"],
"coste":25}
{"id":"compra-076",
"usuario":"BugBlitz",
"articulos":["Gladiador","Espinazo","Catalizador","Gallop Dance (Gangnam Style)","Muro"],
"coste":45}
{"id":"compra-077",
"usuario":"CrashTest",
"articulos":["Emirates Stadium","Emirates Stadium","Dance","KO(Rooney)","Aguila","Selhurst Park"],
"coste":41}
{"id":"compra-078",
"usuario":"BitSentinel",
"articulos":["Liberty Stadium","Motorbike","Emirates Stadium"],
"coste":19}
{"id":"compra-079",
"usuario":"AcidGosling",
"articulos":["Amex Stadium","Gato","Allianz Arena","Escudo","Right Here Right Now (Ronaldo)","Ancla"],
"coste":49}
{"id":"compra-080",
"usuario":"BazookaHar-de-har",
"articulos":["Wembley","Bailando Robot","Centinela","Sombra","Wembley"],
"coste":39}
{"id":"compra-081",
"usuario":"CandyButcher",
"articulos":["Kiss the Wrist","Kiss the Wrist","Centinela","Potente","Muscle Flex (Mario Balotelli)"],
"coste":35}
{"id":"compra-082",
"usuario":"DarksideOrbit",
"articulos":["Muevelo","Espinazo","Bailando Robot"],
"coste":20}
{"id":"compra-083",
"usuario":"BootlegTaximan",
"articulos":["Amex Stadium","Centinela","Protector","Muscle Flex (Mario Balotelli)"],
"coste":32}
{"id":"compra-084",
"usuario":"BadBunny",
"articulos":["Francotirador","Hand Bite (Fabio Borini)","Aguila","King Power Stadium"],
"coste":32}
{"id":"compra-085",
"usuario":"Pixels",
"articulos":["Dance","Tirador","Prancing Bird","Centinela","Francotirador","Maestro"],
"coste":50}
{"id":"compra-086",
"usuario":"Dredd",
"articulos":["Gato","Calm Down","Potente","Ancla"],
"coste":35}
{"id":"compra-087",
"usuario":"DriftDetector",
"articulos":["The Bear (Ronaldo)","Centinela","Aguila","Muevelo"],
"coste":30}
{"id":"compra-088",
"usuario":"Bowie",
"articulos":["Motorbike","King Power Stadium","Amex Stadium","Gato","Tirador preciso","Gato"],
"coste":49}
{"id":"compra-089",
"usuario":"DiamondGamer",
"articulos":["Aguila","Right Here Right Now (Ronaldo)","Emirates Stadium","Motorbike","The Bear (Ronaldo)"],
"coste":32}
{"id":"compra-090",
"usuario":"Bitmap",
"articulos":["Espinazo","The Worm","Liberty Stadium","The Bear (Ronaldo)","Turf Moor","Guante"],
"coste":44}
{"id":"compra-091",
"usuario":"DiscoMate",
"articulos":["Turf Moor","Ancla","Espinazo"],
"coste":27}
{"id":"compra-092",
"usuario":"DayHawk",
"articulos":["Escudo","Catalizador","Bailando Robot"],
"coste":25}
{"id":"compra-093",
"usuario":"AirportHobo",
"articulos":["Motorbike","Catalizador","Centinela","Turf Moor","KO(Rooney)"],
"coste":37}
{"id":"compra-094",
"usuario":"BootlegTaximan",
"articulos":["Dance","Muscle Flex (Mario Balotelli)","Goodison Park"],
"coste":17}
{"id":"compra-095",
"usuario":"CerealKiller",
"articulos":["Cazador","Centinela","Gallop Dance (Gangnam Style)","Artista","Stand Tall"],
"coste":40}
{"id":"compra-096",
"usuario":"BackBett",
"articulos":["Guante","Hand Bite (Fabio Borini)","Kiss the Wrist","Kiss the Wrist","Maestro","Potente"],
"coste":45}
{"id":"compra-097",
"usuario":"DiscoPotato",
"articulos":["Guante","Aguila","Hand Bite (Fabio Borini)","Centinela","Patty Cake","Maestro"],
"coste":50}
{"id":"compra-098",
"usuario":"Blitz",
"articulos":["Muevelo","Stand Tall","Juventus Stadium","Rematador","Tirador preciso","Emirates Stadium"],
"coste":44}
{"id":"compra-099",
"usuario":"ChocolateThunder",
"articulos":["Centinela","Rematador"],
"coste":20}
{"id":"compra-100",
"usuario":"ChasmFace",
"articulos":["Turf Moor","Liberty Stadium","Old Man","Tirador preciso","Muevelo"],
"coste":34}