{"id":"sv-001",
"continente":"Asia",
"partidos":["p-056","p-203"],
"salas":["s1","s2","s3","s4"]}
{"id":"sv-002",
"continente":"North America",
"partidos":["p-037","p-089","p-215"],
"salas":["s1","s2","s3","s4"]}
{"id":"sv-003",
"continente":"South America",
"partidos":["p-229"],
"salas":["s1","s2","s3","s4","s5"]}
{"id":"sv-004",
"continente":"North America",
"partidos":["p-092","p-228"],
"salas":["s1","s2","s3","s4","s5"]}
{"id":"sv-005",
"continente":"Europe",
"partidos":["p-118"],
"salas":["s1","s2"]}
{"id":"sv-006",
"continente":"Europe",
"partidos":["p-101"],
"salas":["s1","s2","s3","s4"]}
{"id":"sv-007",
"continente":"Antartica",
"partidos":["p-197","p-177"],
"salas":["s1","s2","s3"]}
{"id":"sv-008",
"continente":"Antartica",
"partidos":["p-240","p-002"],
"salas":["s1","s2"]}
{"id":"sv-009",
"continente":"Africa",
"partidos":["p-039","p-009","p-213"],
"salas":["s1","s2","s3","s4","s5"]}
{"id":"sv-010",
"continente":"Africa",
"partidos":["p-103"],
"salas":["s1"]}
{"id":"sv-011",
"continente":"Europe",
"partidos":["p-111","p-027","p-096"],
"salas":["s1","s2","s3","s4","s5"]}
{"id":"sv-012",
"continente":"South America",
"partidos":["p-121","p-200"],
"salas":["s1","s2","s3","s4"]}
{"id":"sv-013",
"continente":"Antartica",
"partidos":["p-181"],
"salas":["s1","s2","s3","s4","s5"]}
{"id":"sv-014",
"continente":"Antartica",
"partidos":["p-021","p-198"],
"salas":["s1","s2","s3","s4","s5"]}
{"id":"sv-015",
"continente":"Antartica",
"partidos":["p-072","p-188","p-150"],
"salas":["s1","s2","s3"]}
{"id":"sv-016",
"continente":"Asia",
"partidos":["p-109","p-030"],
"salas":["s1","s2"]}
{"id":"sv-017",
"continente":"Africa",
"partidos":["p-187","p-042"],
"salas":["s1","s2","s3","s4"]}
{"id":"sv-018",
"continente":"North America",
"partidos":["p-045","p-172","p-184"],
"salas":["s1","s2","s3"]}
{"id":"sv-019",
"continente":"North America",
"partidos":["p-034","p-015","p-139"],
"salas":["s1","s2","s3"]}
{"id":"sv-020",
"continente":"Australia",
"partidos":["p-167"],
"salas":["s1"]}
{"id":"sv-021",
"continente":"Europe",
"partidos":["p-077","p-120"],
"salas":["s1","s2","s3","s4"]}
{"id":"sv-022",
"continente":"Europe",
"partidos":["p-063"],
"salas":["s1","s2","s3"]}
{"id":"sv-023",
"continente":"North America",
"partidos":["p-099","p-143","p-211"],
"salas":["s1"]}
{"id":"sv-024",
"continente":"Australia",
"partidos":["p-100","p-173"],
"salas":["s1","s2","s3"]}
{"id":"sv-025",
"continente":"South America",
"partidos":["p-078","p-195","p-220"],
"salas":["s1","s2","s3","s4"]}
{"id":"sv-026",
"continente":"North America",
"partidos":["p-218","p-073"],
"salas":["s1"]}
{"id":"sv-027",
"continente":"Africa",
"partidos":["p-137"],
"salas":["s1","s2"]}
{"id":"sv-028",
"continente":"Australia",
"partidos":["p-151","p-223"],
"salas":["s1","s2"]}
{"id":"sv-029",
"continente":"Antartica",
"partidos":["p-016","p-206"],
"salas":["s1","s2","s3","s4"]}
{"id":"sv-030",
"continente":"Asia",
"partidos":["p-179","p-235"],
"salas":["s1","s2"]}
{"id":"sv-031",
"continente":"South America",
"partidos":["p-128"],
"salas":["s1","s2"]}
{"id":"sv-032",
"continente":"Asia",
"partidos":["p-162","p-212"],
"salas":["s1","s2","s3","s4","s5"]}
{"id":"sv-033",
"continente":"Australia",
"partidos":["p-080","p-036"],
"salas":["s1"]}
{"id":"sv-034",
"continente":"Africa",
"partidos":["p-204","p-071","p-115"],
"salas":["s1","s2","s3","s4"]}
{"id":"sv-035",
"continente":"Africa",
"partidos":["p-166"],
"salas":["s1","s2"]}
{"id":"sv-036",
"continente":"Australia",
"partidos":["p-119","p-025","p-238"],
"salas":["s1","s2","s3","s4","s5"]}
{"id":"sv-037",
"continente":"Africa",
"partidos":["p-175","p-044","p-112"],
"salas":["s1","s2","s3","s4","s5"]}
{"id":"sv-038",
"continente":"Asia",
"partidos":["p-122","p-174","p-190"],
"salas":["s1"]}
{"id":"sv-039",
"continente":"Asia",
"partidos":["p-123","p-070"],
"salas":["s1","s2","s3","s4"]}
{"id":"sv-040",
"continente":"Asia",
"partidos":["p-085"],
"salas":["s1","s2","s3","s4","s5"]}
{"id":"sv-041",
"continente":"South America",
"partidos":["p-226","p-035"],
"salas":["s1","s2"]}
{"id":"sv-042",
"continente":"North America",
"partidos":["p-165","p-156","p-023"],
"salas":["s1","s2"]}
{"id":"sv-043",
"continente":"Antartica",
"partidos":["p-013","p-105"],
"salas":["s1","s2","s3","s4","s5"]}
{"id":"sv-044",
"continente":"Europe",
"partidos":["p-054","p-216"],
"salas":["s1"]}
{"id":"sv-045",
"continente":"Australia",
"partidos":["p-091","p-094","p-075"],
"salas":["s1","s2","s3","s4","s5"]}
{"id":"sv-046",
"continente":"North America",
"partidos":["p-026","p-014","p-136"],
"salas":["s1","s2","s3"]}
{"id":"sv-047",
"continente":"Africa",
"partidos":["p-148"],
"salas":["s1","s2","s3","s4"]}
{"id":"sv-048",
"continente":"Africa",
"partidos":["p-040","p-160"],
"salas":["s1","s2","s3","s4"]}
{"id":"sv-049",
"continente":"Australia",
"partidos":["p-192","p-048"],
"salas":["s1","s2","s3","s4","s5"]}
{"id":"sv-050",
"continente":"North America",
"partidos":["p-153","p-062","p-033"],
"salas":["s1","s2","s3","s4","s5"]}
{"id":"sv-051",
"continente":"Antartica",
"partidos":["p-207","p-125","p-163"],
"salas":["s1","s2","s3","s4"]}
{"id":"sv-052",
"continente":"Asia",
"partidos":["p-043"],
"salas":["s1","s2"]}
{"id":"sv-053",
"continente":"South America",
"partidos":["p-158","p-135"],
"salas":["s1","s2","s3"]}
{"id":"sv-054",
"continente":"Asia",
"partidos":["p-038","p-114","p-003"],
"salas":["s1","s2"]}
{"id":"sv-055",
"continente":"North America",
"partidos":["p-219","p-133"],
"salas":["s1","s2"]}
{"id":"sv-056",
"continente":"Africa",
"partidos":["p-201","p-169"],
"salas":["s1","s2","s3"]}
{"id":"sv-057",
"continente":"Antartica",
"partidos":["p-202"],
"salas":["s1","s2","s3"]}
{"id":"sv-058",
"continente":"North America",
"partidos":["p-170","p-010","p-031"],
"salas":["s1"]}
{"id":"sv-059",
"continente":"Africa",
"partidos":["p-041"],
"salas":["s1","s2","s3","s4"]}
{"id":"sv-060",
"continente":"Antartica",
"partidos":["p-107","p-155"],
"salas":["s1"]}
{"id":"sv-061",
"continente":"Australia",
"partidos":["p-113"],
"salas":["s1"]}
{"id":"sv-062",
"continente":"Europe",
"partidos":["p-196"],
"salas":["s1","s2","s3"]}
{"id":"sv-063",
"continente":"South America",
"partidos":["p-005","p-068","p-019"],
"salas":["s1","s2","s3","s4","s5"]}
{"id":"sv-064",
"continente":"North America",
"partidos":["p-126","p-024","p-116"],
"salas":["s1"]}
{"id":"sv-065",
"continente":"Europe",
"partidos":["p-161","p-149"],
"salas":["s1","s2","s3","s4","s5"]}
{"id":"sv-066",
"continente":"Africa",
"partidos":["p-194"],
"salas":["s1","s2","s3","s4","s5"]}
{"id":"sv-067",
"continente":"Asia",
"partidos":["p-053","p-168"],
"salas":["s1","s2","s3","s4"]}
{"id":"sv-068",
"continente":"South America",
"partidos":["p-069","p-050","p-007"],
"salas":["s1","s2","s3","s4"]}
{"id":"sv-069",
"continente":"North America",
"partidos":["p-193","p-239"],
"salas":["s1"]}
{"id":"sv-070",
"continente":"South America",
"partidos":["p-017"],
"salas":["s1","s2","s3","s4"]}
{"id":"sv-071",
"continente":"Antartica",
"partidos":["p-095","p-191","p-076"],
"salas":["s1","s2","s3","s4"]}
{"id":"sv-072",
"continente":"Antartica",
"partidos":["p-237","p-004"],
"salas":["s1","s2","s3"]}
{"id":"sv-073",
"continente":"North America",
"partidos":["p-189","p-020","p-144"],
"salas":["s1","s2"]}
{"id":"sv-074",
"continente":"Asia",
"partidos":["p-057"],
"salas":["s1","s2","s3","s4"]}
{"id":"sv-075",
"continente":"North America",
"partidos":["p-046"],
"salas":["s1","s2","s3"]}
{"id":"sv-076",
"continente":"Europe",
"partidos":["p-186","p-086"],
"salas":["s1","s2","s3","s4"]}
{"id":"sv-077",
"continente":"South America",
"partidos":["p-199","p-006","p-055"],
"salas":["s1","s2","s3"]}
{"id":"sv-078",
"continente":"Asia",
"partidos":["p-117","p-083"],
"salas":["s1"]}
{"id":"sv-079",
"continente":"Australia",
"partidos":["p-108"],
"salas":["s1","s2"]}
{"id":"sv-080",
"continente":"Australia",
"partidos":["p-205","p-134","p-210"],
"salas":["s1"]}