{"nombre":"WaysToMeetYourMaker",
"cuentaOrigin":"LittleGeneral",
"monedas":86,
"division":"8",
"compras":[
]}
{"nombre":"Waffle",
"cuentaOrigin":"LittleTickle",
"monedas":90,
"division":"2",
"compras":[
{"idCompra": "compra-1",
"articulos":[ "Muscle Flex (Mario Balotelli)", "Wembley", "Centinela", "Right Here Right Now (Ronaldo)", "Potente"]}
,{"idCompra": "compra-2",
"articulos":[ "King Power Stadium", "Patty Cake", "Motorbike", "Francotirador"]}
]}
{"nombre":"Pixels",
"cuentaOrigin":"LopeLope",
"monedas":54,
"division":"1",
"compras":[
{"idCompra": "compra-1",
"articulos":[ "Motor", "Escudo", "Guante", "Escudo", "The Bear (Ronaldo)", "Escudo"]}
,{"idCompra": "compra-2",
"articulos":[ "Dance", "Tirador", "Prancing Bird", "Centinela", "Francotirador", "Maestro"]}
]}
{"nombre":"AccidentalGenius",
"cuentaOrigin":"LordNikon",
"monedas":73,
"division":"2",
"compras":[
{"idCompra": "compra-1",
"articulos":[ "Bailando Robot", "Guante", "Potente", "Wembley"]}
,{"idCompra": "compra-2",
"articulos":[ "Stamford Bridge", "Potente", "Francotirador", "Francotirador", "Hand Bite (Fabio Borini)"]}
]}
{"nombre":"AcidGosling",
"cuentaOrigin":"LordPistachio",
"monedas":65,
"division":"9",
"compras":[
{"idCompra": "compra-1",
"articulos":[ "Amex Stadium", "Gato", "Allianz Arena", "Escudo", "Right Here Right Now (Ronaldo)", "Ancla"]}
]}
{"nombre":"AdmiralTot",
"cuentaOrigin":"LordTheus",
"monedas":94,
"division":"9",
"compras":[
]}
{"nombre":"AgentHercules",
"cuentaOrigin":"Lucky",
"monedas":60,
"division":"7",
"compras":[
{"idCompra": "compra-1",
"articulos":[ "Francotirador", "Gallop Dance (Gangnam Style)", "Francotirador", "The Bear (Ronaldo)"]}
]}
{"nombre":"AirportHobo",
"cuentaOrigin":"LunaStar",
"monedas":51,
"division":"4",
"compras":[
{"idCompra": "compra-1",
"articulos":[ "Espinazo", "Potente", "Calm Down", "Gato"]}
,{"idCompra": "compra-2",
"articulos":[ "Motorbike", "Catalizador", "Centinela", "Turf Moor", "KO(Rooney)"]}
]}
{"nombre":"AlleyFrog",
"cuentaOrigin":"LunarTreat",
"monedas":93,
"division":"2",
"compras":[
{"idCompra": "compra-1",
"articulos":[ "Maestro", "Arquitecto", "Selhurst Park", "Prancing Bird", "Muro"]}
]}
{"nombre":"Alpha",
"cuentaOrigin":"MadIrishman",
"monedas":83,
"division":"6",
"compras":[
{"idCompra": "compra-1",
"articulos":[ "Francotirador", "Protector", "Dean Court", "The Worm", "Maestro"]}
]}
{"nombre":"AlphaReturns",
"cuentaOrigin":"MadJack",
"monedas":86,
"division":"8",
"compras":[
]}
{"nombre":"Angel",
"cuentaOrigin":"MadKid",
"monedas":95,
"division":"10",
"compras":[
{"idCompra": "compra-1",
"articulos":[ "Guante", "Motorbike"]}
,{"idCompra": "compra-2",
"articulos":[ "Muro", "Artista", "Patty Cake", "Aguila"]}
]}
{"nombre":"AngelsCreed",
"cuentaOrigin":"MadRascal",
"monedas":70,
"division":"7",
"compras":[
]}
{"nombre":"ArsenicCoo",
"cuentaOrigin":"MadRobin",
"monedas":73,
"division":"3",
"compras":[
]}
{"nombre":"AtomicBlastoid",
"cuentaOrigin":"ManMaker",
"monedas":65,
"division":"4",
"compras":[
]}
{"nombre":"AutomaticSlicer",
"cuentaOrigin":"Manimal",
"monedas":72,
"division":"3",
"compras":[
{"idCompra": "compra-1",
"articulos":[ "Muscle Flex (Mario Balotelli)", "Goodison Park", "Sombra", "Francotirador", "Tirador"]}
]}
{"nombre":"BabyBrown",
"cuentaOrigin":"Marbles",
"monedas":77,
"division":"6",
"compras":[
{"idCompra": "compra-1",
"articulos":[ "Kiss the Wrist", "Muro", "Gallop Dance (Gangnam Style)", "Patty Cake", "Juventus Stadium"]}
,{"idCompra": "compra-2",
"articulos":[ "Wembley", "Motor"]}
,{"idCompra": "compra-3",
"articulos":[ "Motor", "Dance", "Stamford Bridge"]}
]}
{"nombre":"BackBett",
"cuentaOrigin":"MarigoldLoot",
"monedas":89,
"division":"3",
"compras":[
{"idCompra": "compra-1",
"articulos":[ "Cazador", "Motorbike", "Artista"]}
,{"idCompra": "compra-2",
"articulos":[ "Guante", "Hand Bite (Fabio Borini)", "Kiss the Wrist", "Kiss the Wrist", "Maestro", "Potente"]}
]}
{"nombre":"BadBunny",
"cuentaOrigin":"MarriedMan",
"monedas":69,
"division":"7",
"compras":[
{"idCompra": "compra-1",
"articulos":[ "Protector", "Emirates Stadium", "Protector", "Muevelo", "Hand Bite (Fabio Borini)", "King Power Stadium"]}
,{"idCompra": "compra-2",
"articulos":[ "Francotirador", "Hand Bite (Fabio Borini)", "Aguila", "King Power Stadium"]}
]}
{"nombre":"BazookaHar-de-har",
"cuentaOrigin":"MarshalKing",
"monedas":98,
"division":"2",
"compras":[
{"idCompra": "compra-1",
"articulos":[ "Wembley", "Bailando Robot", "Centinela", "Sombra", "Wembley"]}
]}
{"nombre":"BeardedAngler",
"cuentaOrigin":"Marshmallow",
"monedas":82,
"division":"4",
"compras":[
{"idCompra": "compra-1",
"articulos":[ "Escudo", "Motorbike", "Amex Stadium"]}
,{"idCompra": "compra-2",
"articulos":[ "Catalizador", "Hand Bite (Fabio Borini)", "Muscle Flex (Mario Balotelli)", "Muevelo", "Rematador"]}
,{"idCompra": "compra-3",
"articulos":[ "Bailando Robot", "Escudo", "Right Here Right Now (Ronaldo)", "Artista", "Arquitecto", "Cazador"]}
]}
{"nombre":"BeetleKing",
"cuentaOrigin":"MaxicanChoncho",
"monedas":79,
"division":"2",
"compras":[
]}
{"nombre":"BettyCricket",
"cuentaOrigin":"MeetWit",
"monedas":77,
"division":"4",
"compras":[
{"idCompra": "compra-1",
"articulos":[ "Centinela", "Rematador"]}
]}
{"nombre":"BitSentinel",
"cuentaOrigin":"Mental",
"monedas":54,
"division":"9",
"compras":[
{"idCompra": "compra-1",
"articulos":[ "Liberty Stadium", "Motorbike", "Emirates Stadium"]}
]}
{"nombre":"Bitmap",
"cuentaOrigin":"MercuryReborn",
"monedas":61,
"division":"3",
"compras":[
{"idCompra": "compra-1",
"articulos":[ "Gladiador", "Wembley"]}
,{"idCompra": "compra-2",
"articulos":[ "Espinazo", "The Worm", "Liberty Stadium", "The Bear (Ronaldo)", "Turf Moor", "Guante"]}
]}
{"nombre":"BlacKitten",
"cuentaOrigin":"MetalStar",
"monedas":82,
"division":"4",
"compras":[
{"idCompra": "compra-1",
"articulos":[ "Right Here Right Now (Ronaldo)", "The Bear (Ronaldo)", "Motor", "Tirador", "Stand Tall"]}
]}
{"nombre":"Blister",
"cuentaOrigin":"Midas",
"monedas":81,
"division":"9",
"compras":[
{"idCompra": "compra-1",
"articulos":[ "Gallop Dance (Gangnam Style)", "Selhurst Park", "Gallop Dance (Gangnam Style)", "London Stadium", "Hand Bite (Fabio Borini)"]}
]}
{"nombre":"BlisteredOutlaw",
"cuentaOrigin":"MidnightRambler",
"monedas":53,
"division":"7",
"compras":[
{"idCompra": "compra-1",
"articulos":[ "The Bear (Ronaldo)", "Bailando Robot", "Selhurst Park"]}
,{"idCompra": "compra-2",
"articulos":[ "London Stadium", "Kiss the Wrist", "Artista", "Old Man"]}
,{"idCompra": "compra-3",
"articulos":[ "Arquitecto", "Hand Bite (Fabio Borini)", "Goodison Park", "Dean Court", "Hand Bite (Fabio Borini)"]}
,{"idCompra": "compra-4",
"articulos":[ "Amex Stadium", "Dean Court", "Liberty Stadium", "Cazador", "Stamford Bridge"]}
,{"idCompra": "compra-5",
"articulos":[ "Guante", "Muro", "Muro", "King Power Stadium", "Aguila", "Right Here Right Now (Ronaldo)"]}
,{"idCompra": "compra-6",
"articulos":[ "Motorbike", "KO(Rooney)", "Prancing Bird", "Artista", "Stamford Bridge", "Centinela"]}
,{"idCompra": "compra-7",
"articulos":[ "Amex Stadium", "Hand Bite (Fabio Borini)", "Guante", "Artista", "Wembley", "Cazador"]}
]}
{"nombre":"Blitz",
"cuentaOrigin":"MidnightRider",
"monedas":73,
"division":"8",
"compras":[
{"idCompra": "compra-1",
"articulos":[ "Muevelo", "Stand Tall", "Juventus Stadium", "Rematador", "Tirador preciso", "Emirates Stadium"]}
]}
{"nombre":"BloodEater",
"cuentaOrigin":"MightyFellow",
"monedas":56,
"division":"2",
"compras":[
]}
{"nombre":"Bonzai",
"cuentaOrigin":"MindBuggle",
"monedas":59,
"division":"7",
"compras":[
]}
{"nombre":"BoomBeachLuvr",
"cuentaOrigin":"MindlessBobcat",
"monedas":80,
"division":"6",
"compras":[
]}
{"nombre":"BoomBlaster",
"cuentaOrigin":"MintNess",
"monedas":71,
"division":"4",
"compras":[
]}
{"nombre":"BootlegTaximan",
"cuentaOrigin":"MonkeyKing",
"monedas":82,
"division":"10",
"compras":[
{"idCompra": "compra-1",
"articulos":[ "Amex Stadium", "Centinela", "Protector", "Muscle Flex (Mario Balotelli)"]}
,{"idCompra": "compra-2",
"articulos":[ "Dance", "Muscle Flex (Mario Balotelli)", "Goodison Park"]}
]}
{"nombre":"Bowie",
"cuentaOrigin":"MonkeySmash",
"monedas":70,
"division":"7",
"compras":[
{"idCompra": "compra-1",
"articulos":[ "Motorbike", "King Power Stadium", "Amex Stadium", "Gato", "Tirador preciso", "Gato"]}
]}
{"nombre":"Bowler",
"cuentaOrigin":"MonsterMania",
"monedas":68,
"division":"1",
"compras":[
{"idCompra": "compra-1",
"articulos":[ "Dance", "Emirates Stadium", "Espinazo"]}
,{"idCompra": "compra-2",
"articulos":[ "Potente", "Stamford Bridge", "Muevelo"]}
]}
{"nombre":"Breadmaker",
"cuentaOrigin":"MoonSolitaire",
"monedas":64,
"division":"5",
"compras":[
{"idCompra": "compra-1",
"articulos":[ "Liberty Stadium", "The Worm", "Espinazo", "Amex Stadium"]}
]}
{"nombre":"Broomspun",
"cuentaOrigin":"MudPieMan",
"monedas":83,
"division":"6",
"compras":[
{"idCompra": "compra-1",
"articulos":[ "Artista", "Motor", "Allianz Arena", "Prancing Bird"]}
,{"idCompra": "compra-2",
"articulos":[ "Artista", "Escudo", "Calm Down", "KO(Rooney)"]}
]}
{"nombre":"Buckshot",
"cuentaOrigin":"MuleSkinner",
"monedas":82,
"division":"9",
"compras":[
]}
{"nombre":"BugBlitz",
"cuentaOrigin":"MumMary",
"monedas":88,
"division":"4",
"compras":[
{"idCompra": "compra-1",
"articulos":[ "Gladiador", "Espinazo", "Catalizador", "Gallop Dance (Gangnam Style)", "Muro"]}
]}
{"nombre":"BugFire",
"cuentaOrigin":"Murmur",
"monedas":58,
"division":"4",
"compras":[
]}
{"nombre":"Bugger",
"cuentaOrigin":"Mustang",
"monedas":68,
"division":"3",
"compras":[
]}
{"nombre":"Cabbie",
"cuentaOrigin":"MysteryEnds",
"monedas":56,
"division":"3",
"compras":[
{"idCompra": "compra-1",
"articulos":[ "The Worm", "Bailando Robot", "Gladiador", "Motor", "Prancing Bird", "Artista"]}
,{"idCompra": "compra-2",
"articulos":[ "Patty Cake", "Sombra", "Arquitecto", "Juventus Stadium", "Hand Bite (Fabio Borini)"]}
]}
{"nombre":"CandyButcher",
"cuentaOrigin":"Mystic",
"monedas":100,
"division":"6",
"compras":[
{"idCompra": "compra-1",
"articulos":[ "Maestro", "Wembley", "Kiss the Wrist"]}
,{"idCompra": "compra-2",
"articulos":[ "Kiss the Wrist", "Kiss the Wrist", "Centinela", "Potente", "Muscle Flex (Mario Balotelli)"]}
]}
{"nombre":"CapitalF",
"cuentaOrigin":"Nacho",
"monedas":94,
"division":"6",
"compras":[
]}
{"nombre":"CaptainPeroxide",
"cuentaOrigin":"NaturalGold",
"monedas":51,
"division":"9",
"compras":[
{"idCompra": "compra-1",
"articulos":[ "Gladiador", "London Stadium", "Escudo", "Cazador", "Gladiador"]}
]}
{"nombre":"CelticCharger",
"cuentaOrigin":"NaturalMess",
"monedas":97,
"division":"9",
"compras":[
{"idCompra": "compra-1",
"articulos":[ "King Power Stadium", "Sombra", "Protector", "London Stadium"]}
,{"idCompra": "compra-2",
"articulos":[ "Rematador", "Gallop Dance (Gangnam Style)"]}
]}
{"nombre":"CenturionSherman",
"cuentaOrigin":"Necromancer",
"monedas":52,
"division":"9",
"compras":[
]}
{"nombre":"CerealKiller",
"cuentaOrigin":"NemesisX",
"monedas":87,
"division":"6",
"compras":[
{"idCompra": "compra-1",
"articulos":[ "Gato", "Dean Court", "Muscle Flex (Mario Balotelli)"]}
,{"idCompra": "compra-2",
"articulos":[ "Patty Cake", "Stamford Bridge"]}
,{"idCompra": "compra-3",
"articulos":[ "Cazador", "Centinela", "Gallop Dance (Gangnam Style)", "Artista", "Stand Tall"]}
]}
{"nombre":"ChasmFace",
"cuentaOrigin":"NeophyteBeliever",
"monedas":63,
"division":"2",
"compras":[
{"idCompra": "compra-1",
"articulos":[ "Turf Moor", "Liberty Stadium", "Old Man", "Tirador preciso", "Muevelo"]}
]}
{"nombre":"ChewChew",
"cuentaOrigin":"Nessie",
"monedas":87,
"division":"4",
"compras":[
{"idCompra": "compra-1",
"articulos":[ "Centinela", "Dance", "Ancla"]}
,{"idCompra": "compra-2",
"articulos":[ "Muro", "Escudo", "Prancing Bird"]}
]}
{"nombre":"ChicagoBlackout",
"cuentaOrigin":"NewCycle",
"monedas":92,
"division":"4",
"compras":[
]}
{"nombre":"ChipQueen",
"cuentaOrigin":"NewYorkWinder",
"monedas":78,
"division":"7",
"compras":[
]}
{"nombre":"ChocoNutsX",
"cuentaOrigin":"NicknameMaster",
"monedas":60,
"division":"4",
"compras":[
]}
{"nombre":"ChocolateThunder",
"cuentaOrigin":"NightMagnet",
"monedas":51,
"division":"5",
"compras":[
{"idCompra": "compra-1",
"articulos":[ "Centinela", "Rematador"]}
]}
{"nombre":"Chuckles",
"cuentaOrigin":"NightTrain",
"monedas":87,
"division":"7",
"compras":[
{"idCompra": "compra-1",
"articulos":[ "Bailando Robot", "Escudo", "Protector"]}
]}
{"nombre":"ClubNola",
"cuentaOrigin":"NightmareKing",
"monedas":62,
"division":"1",
"compras":[
{"idCompra": "compra-1",
"articulos":[ "Patty Cake", "Tirador preciso", "Liberty Stadium"]}
]}
{"nombre":"CoBolt",
"cuentaOrigin":"NoiseFire",
"monedas":64,
"division":"4",
"compras":[
{"idCompra": "compra-1",
"articulos":[ "Hand Bite (Fabio Borini)", "Artista"]}
]}
{"nombre":"CobraBite",
"cuentaOrigin":"NutmegRiot",
"monedas":60,
"division":"10",
"compras":[
]}
{"nombre":"Cocktail",
"cuentaOrigin":"OldManWinter",
"monedas":64,
"division":"8",
"compras":[
]}
{"nombre":"CollaterolDamage",
"cuentaOrigin":"OldOrangeEyes",
"monedas":74,
"division":"6",
"compras":[
{"idCompra": "compra-1",
"articulos":[ "Gato", "Muscle Flex (Mario Balotelli)", "Ancla", "Kiss the Wrist", "Patty Cake"]}
,{"idCompra": "compra-2",
"articulos":[ "Maestro", "Hand Bite (Fabio Borini)", "Selhurst Park", "Selhurst Park", "Protector"]}
]}
{"nombre":"CommandX",
"cuentaOrigin":"OldRegret",
"monedas":98,
"division":"2",
"compras":[
]}
{"nombre":"Commando",
"cuentaOrigin":"OmegaSub",
"monedas":62,
"division":"9",
"compras":[
]}
{"nombre":"CongoWire",
"cuentaOrigin":"OnionKing",
"monedas":76,
"division":"9",
"compras":[
{"idCompra": "compra-1",
"articulos":[ "Wembley", "Sombra", "King Power Stadium", "Muevelo", "Espinazo"]}
,{"idCompra": "compra-2",
"articulos":[ "Gladiador", "Juventus Stadium", "Muro", "Artista", "Dance"]}
]}
{"nombre":"CoolIris",
"cuentaOrigin":"Osprey",
"monedas":87,
"division":"10",
"compras":[
{"idCompra": "compra-1",
"articulos":[ "Gato", "Artista", "Centinela", "King Power Stadium", "Amex Stadium", "Potente"]}
]}
{"nombre":"CoolWhip",
"cuentaOrigin":"Overrun",
"monedas":96,
"division":"4",
"compras":[
{"idCompra": "compra-1",
"articulos":[ "Muevelo", "Turf Moor", "Kiss the Wrist", "Cazador"]}
,{"idCompra": "compra-2",
"articulos":[ "KO(Rooney)", "Centinela", "Motorbike"]}
,{"idCompra": "compra-3",
"articulos":[ "Patty Cake", "Cazador", "Guante", "Aguila"]}
]}
{"nombre":"Cosmo",
"cuentaOrigin":"PapaSmurf",
"monedas":61,
"division":"10",
"compras":[
]}
{"nombre":"CrashOverride",
"cuentaOrigin":"Paradise",
"monedas":83,
"division":"2",
"compras":[
]}
{"nombre":"CrashTest",
"cuentaOrigin":"PearlGirl",
"monedas":72,
"division":"8",
"compras":[
{"idCompra": "compra-1",
"articulos":[ "Emirates Stadium", "Emirates Stadium", "Dance", "KO(Rooney)", "Aguila", "Selhurst Park"]}
]}
{"nombre":"CrazyEights",
"cuentaOrigin":"PepperLegs",
"monedas":65,
"division":"10",
"compras":[
]}
{"nombre":"CrissCross",
"cuentaOrigin":"Peppermint",
"monedas":78,
"division":"7",
"compras":[
]}
{"nombre":"CrossThread",
"cuentaOrigin":"PhoenixTetra",
"monedas":88,
"division":"5",
"compras":[
]}
{"nombre":"Cujo",
"cuentaOrigin":"PhoenixHeat",
"monedas":50,
"division":"9",
"compras":[
]}
{"nombre":"CupidDust",
"cuentaOrigin":"PinballWizard",
"monedas":60,
"division":"10",
"compras":[
]}
{"nombre":"DaffyGirl",
"cuentaOrigin":"PinkHopper",
"monedas":53,
"division":"3",
"compras":[
]}
{"nombre":"DahliaBumble",
"cuentaOrigin":"PinkFloyd",
"monedas":82,
"division":"9",
"compras":[
{"idCompra": "compra-1",
"articulos":[ "Muscle Flex (Mario Balotelli)", "Muscle Flex (Mario Balotelli)"]}
,{"idCompra": "compra-2",
"articulos":[ "Wembley", "Muevelo", "London Stadium"]}
]}
{"nombre":"DaisyCraft",
"cuentaOrigin":"PinkPanther",
"monedas":51,
"division":"2",
"compras":[
]}
{"nombre":"DancingMadman",
"cuentaOrigin":"PistolHydro",
"monedas":63,
"division":"6",
"compras":[
{"idCompra": "compra-1",
"articulos":[ "Amex Stadium", "Potente", "The Worm", "Dance", "Patty Cake"]}
]}
{"nombre":"Dangle",
"cuentaOrigin":"PixieSoldier",
"monedas":53,
"division":"7",
"compras":[
{"idCompra": "compra-1",
"articulos":[ "Maestro", "Muro", "Allianz Arena", "The Bear (Ronaldo)", "Catalizador", "Emirates Stadium"]}
]}
{"nombre":"DanimalDaze",
"cuentaOrigin":"Pluto",
"monedas":64,
"division":"4",
"compras":[
{"idCompra": "compra-1",
"articulos":[ "Stand Tall", "Cazador", "Liberty Stadium", "Espinazo", "The Worm"]}
]}
{"nombre":"DarkHorse",
"cuentaOrigin":"Pogue",
"monedas":98,
"division":"5",
"compras":[
{"idCompra": "compra-1",
"articulos":[ "Allianz Arena", "King Power Stadium", "Hand Bite (Fabio Borini)", "King Power Stadium"]}
]}
{"nombre":"DarksideOrbit",
"cuentaOrigin":"PolarBee",
"monedas":62,
"division":"8",
"compras":[
{"idCompra": "compra-1",
"articulos":[ "Muevelo", "Espinazo", "Bailando Robot"]}
]}
{"nombre":"DarlingPeacock",
"cuentaOrigin":"PoppyCoffee",
"monedas":98,
"division":"9",
"compras":[
{"idCompra": "compra-1",
"articulos":[ "Tirador", "Emirates Stadium", "Stamford Bridge"]}
]}
{"nombre":"DayHawk",
"cuentaOrigin":"PoptartAK47",
"monedas":66,
"division":"9",
"compras":[
{"idCompra": "compra-1",
"articulos":[ "Escudo", "Catalizador", "Bailando Robot"]}
]}
{"nombre":"DesertHaze",
"cuentaOrigin":"Prometheus",
"monedas":56,
"division":"6",
"compras":[
{"idCompra": "compra-1",
"articulos":[ "Motorbike", "King Power Stadium", "King Power Stadium", "Maestro"]}
]}
{"nombre":"Desperado",
"cuentaOrigin":"PsychoThinker",
"monedas":55,
"division":"9",
"compras":[
{"idCompra": "compra-1",
"articulos":[ "Liberty Stadium", "Amex Stadium", "Gallop Dance (Gangnam Style)"]}
,{"idCompra": "compra-2",
"articulos":[ "Artista", "Muro", "Stand Tall"]}
]}
{"nombre":"DevilBlade",
"cuentaOrigin":"Pusher",
"monedas":64,
"division":"6",
"compras":[
{"idCompra": "compra-1",
"articulos":[ "KO(Rooney)", "Protector", "The Worm", "Kiss the Wrist"]}
,{"idCompra": "compra-2",
"articulos":[ "Maestro", "The Worm", "Guante"]}
]}
{"nombre":"DevilChick",
"cuentaOrigin":"RacyLion",
"monedas":86,
"division":"8",
"compras":[
]}
{"nombre":"Dexter",
"cuentaOrigin":"RadioactiveMan",
"monedas":82,
"division":"9",
"compras":[
]}
{"nombre":"DiamondGamer",
"cuentaOrigin":"RaidBucker",
"monedas":75,
"division":"7",
"compras":[
{"idCompra": "compra-1",
"articulos":[ "Centinela", "Guante", "Potente", "Emirates Stadium", "Motorbike"]}
,{"idCompra": "compra-2",
"articulos":[ "Aguila", "Right Here Right Now (Ronaldo)", "Emirates Stadium", "Motorbike", "The Bear (Ronaldo)"]}
]}
{"nombre":"Digger",
"cuentaOrigin":"RandoTank",
"monedas":62,
"division":"3",
"compras":[
]}
{"nombre":"DiscoPotato",
"cuentaOrigin":"Ranger",
"monedas":61,
"division":"7",
"compras":[
{"idCompra": "compra-1",
"articulos":[ "Guante", "Aguila", "Hand Bite (Fabio Borini)", "Centinela", "Patty Cake", "Maestro"]}
]}
{"nombre":"DiscoThunder",
"cuentaOrigin":"RedCombat",
"monedas":90,
"division":"9",
"compras":[
{"idCompra": "compra-1",
"articulos":[ "Stand Tall", "Potente", "Aguila"]}
]}
{"nombre":"DiscoMate",
"cuentaOrigin":"RedRhino",
"monedas":51,
"division":"9",
"compras":[
{"idCompra": "compra-1",
"articulos":[ "Francotirador", "Liberty Stadium"]}
,{"idCompra": "compra-2",
"articulos":[ "Turf Moor", "Ancla", "Espinazo"]}
]}
{"nombre":"DonStab",
"cuentaOrigin":"RedFeet",
"monedas":83,
"division":"7",
"compras":[
{"idCompra": "compra-1",
"articulos":[ "The Bear (Ronaldo)", "Right Here Right Now (Ronaldo)", "Motorbike", "Motorbike"]}
]}
{"nombre":"DozKiller",
"cuentaOrigin":"RedFisher",
"monedas":72,
"division":"7",
"compras":[
]}
{"nombre":"Dredd",
"cuentaOrigin":"RedMouth",
"monedas":95,
"division":"9",
"compras":[
{"idCompra": "compra-1",
"articulos":[ "Gato", "Protector", "Gato"]}
,{"idCompra": "compra-2",
"articulos":[ "Gato", "Calm Down", "Potente", "Ancla"]}
]}
{"nombre":"DriftDetector",
"cuentaOrigin":"ReedLady",
"monedas":84,
"division":"3",
"compras":[
{"idCompra": "compra-1",
"articulos":[ "The Bear (Ronaldo)", "Centinela", "Aguila", "Muevelo"]}
]}
{"nombre":"DriftManiac",
"cuentaOrigin":"RenegadeSlugger",
"monedas":71,
"division":"4",
"compras":[
]}
{"nombre":"Toreto",
"cuentaOrigin":"RenoMonarch",
"monedas":98,
"division":"8",
"compras":[
{"idCompra": "compra-1",
"articulos":[ "Juventus Stadium", "Patty Cake"]}
]}